Sum of Sales,Column Labels,,,,
Row Labels,Central,East,South,West,Grand Total
1/13/2014,,40.846,1833.2,1679.749,3553.795
1/13/2015,,,9.82,612.458,622.278
1/13/2017,4619.33,,,,4619.33
1/14/2014,,61.96,,,61.96
1/14/2016,,,405.344,,405.344
1/14/2017,358.7,,204.75,492.588,1056.038
1/15/2014,,,149.95,,149.95
1/15/2016,,701.923,,,701.923
1/15/2017,147.636,1971.244,,21.4,2140.28
1/16/2014,,299.964,,,299.964
1/16/2016,,,,102.218,102.218
1/16/2017,5802.7,,,427.592,6230.292
1/17/2015,254.744,6.68,88.96,,350.384
1/17/2016,,724.55,316,,1040.55
1/18/2014,,,,64.864,64.864
1/19/2014,,,,378.594,378.594
1/19/2015,301.742,,,,301.742
1/19/2017,6,2007.715,,,2013.715
1/20/2014,708.616,,1926.594,38.66,2673.87
1/20/2017,11.52,211.366,,544.952,767.838
1/21/2014,,,25.248,,25.248
1/21/2016,,,,1167.056,1167.056
1/21/2017,1508.409,,383.992,654.242,2546.643
1/22/2016,,199.448,530.272,187.91,917.63
1/22/2017,22.992,,,4189.38,4212.372
1/23/2014,5.94,,,40.08,46.02
1/23/2015,,,,43.66,43.66
1/23/2016,,1672.31,,59.99,1732.3
1/23/2017,210.98,,,239.354,450.334
1/24/2015,,,13.12,,13.12
1/24/2016,,,31.36,,31.36
1/24/2017,,,5.67,412.996,418.666
1/25/2016,,858.712,,,858.712
1/26/2014,152.64,,944.61,,1097.25
1/26/2015,,,,182.72,182.72
1/26/2017,18.16,,3025.28,11.84,3055.28
1/27/2014,,,,426.67,426.67
1/27/2015,,769.332,,2803.92,3573.252
1/27/2017,,331.914,,,331.914
1/28/2014,,3.928,,,3.928
1/28/2015,,,4297.644,,4297.644
1/28/2016,,,,39.68,39.68
1/28/2017,279.9,449.91,,277.71,1007.52
1/29/2017,148.328,9.988,,136.526,294.842
1/30/2014,240.5,,,,240.5
1/30/2015,14.304,,,2147.336,2161.64
1/30/2016,2224.308,,,883.008,3107.316
1/30/2017,2453.787,,419.136,876.412,3749.335
1/31/2014,,,,290.666,290.666
1/31/2015,99.26,,,,99.26
1/31/2016,15.552,23.36,1396.35,166.292,1601.554
10/13/2014,,272.672,389.74,1549.77,2212.182
10/13/2015,,,371.66,,371.66
10/13/2016,362.342,279.67,,1008.606,1650.618
10/13/2017,170.572,1019.276,1890.07,5325.884,8405.802
10/14/2014,2347.394,2178.09,,,4525.484
10/14/2016,1649.75,1203.89,305.248,177,3335.888
10/14/2017,40.852,37.66,,55.82,134.332
10/15/2014,,191.34,15.384,,206.724
10/15/2015,3219.554,,,,3219.554
10/15/2016,1058.27,,342.76,219.12,1620.15
10/15/2017,,13.05,,1004.89,1017.94
10/16/2014,,,,194.322,194.322
10/16/2015,,824.97,,,824.97
10/16/2016,,142.182,,,142.182
10/16/2017,,547.3,2018.536,907.761,3473.597
10/17/2014,136.068,,,,136.068
10/17/2015,,,,77.88,77.88
10/17/2016,2377.56,436.96,,138.826,2953.346
10/17/2017,,62.92,,63.432,126.352
10/18/2014,,249.472,2822.14,63.304,3134.916
10/18/2015,100.86,,,277.634,378.494
10/18/2016,,,,307.92,307.92
10/19/2014,,,,641.104,641.104
10/19/2015,189.95,34.44,,1910.7,2135.09
10/19/2017,467.8982,545.772,1633.188,135.012,2781.8702
10/20/2014,1074.162,,426.942,,1501.104
10/20/2015,,24.56,,695.526,720.086
10/20/2016,471.49,7.152,61.1,406.432,946.174
10/20/2017,,1019.85,289.33,24.678,1333.858
10/21/2014,,531.382,788.86,36.36,1356.602
10/21/2016,106.08,2181.678,185.992,5477.842,7951.592
10/21/2017,2695.862,573.212,747.504,520.623,4537.201
10/22/2014,,93.888,129.92,,223.808
10/22/2015,5.176,,9.952,,15.128
10/22/2016,31.4,,39.92,116.96,188.28
10/22/2017,618.51,13780.838,,759.529,15158.877
10/23/2015,733.464,,78.456,1450.376,2262.296
10/23/2016,70.972,379.4,,17.05,467.422
10/23/2017,1175.614,1312.9,863.88,,3352.394
10/24/2014,,,22.218,34.272,56.49
10/24/2015,376.873,,,454.272,831.145
10/24/2016,15.552,,239.976,1109.97,1365.498
10/24/2017,517.405,,11.68,,529.085
10/25/2014,,54.474,,49.408,103.882
10/25/2015,,450.09,,975.322,1425.412
10/25/2016,,,783.96,,783.96
10/26/2014,,,,447.88,447.88
10/26/2015,,,,1395.333,1395.333
10/26/2017,81.766,309.672,608.43,,999.868
10/27/2014,,,22.32,,22.32
10/27/2016,,551.722,290.98,136.088,978.79
10/27/2017,58.528,,68.967,958.825,1086.32
10/28/2014,257.98,,,1252.602,1510.582
10/28/2015,,,104.51,,104.51
10/28/2016,,2032.89,370.199,495.932,2899.021
10/28/2017,65.728,69.91,273.088,,408.726
10/29/2014,2813.812,,,,2813.812
10/29/2015,,,,244.24,244.24
10/29/2016,67,52.41,,11.744,131.154
10/29/2017,,46.96,,,46.96
10/30/2015,299.9,1035.8,182.91,603.434,2122.044
10/30/2016,11.68,143.702,,3.62,159.002
10/30/2017,321.39,481.472,204.98,3017.888,4025.73
10/31/2014,,3538.17,,1823.856,5362.026
10/31/2015,70.12,82.74,,3058.149,3211.009
10/31/2016,736.26,492.835,32.064,2489.34,3750.499
10/31/2017,523.928,,,,523.928
11/13/2015,842.3152,810.2,433.32,1505.242,3591.0772
11/13/2016,33.496,2791.766,52.136,67.74,2945.138
11/13/2017,507.4912,1728.749,970.952,3426.228,6633.4202
11/14/2014,44.976,957.354,32.4,,1034.73
11/14/2015,,278.584,860.07,1374.056,2512.71
11/14/2016,2.296,2241.026,513.52,17.22,2774.062
11/14/2017,250.262,228.588,,355.808,834.658
11/15/2014,604.656,,362.176,813.99,1780.822
11/15/2015,270.356,391.854,39.96,,702.17
11/15/2016,,,630.024,1515.694,2145.718
11/15/2017,,,559.2,,559.2
11/16/2014,619.856,,,736.0725,1355.9285
11/16/2015,2528.988,523.25,,1020.096,4072.334
11/16/2016,,,,36.72,36.72
11/16/2017,,1447.318,,3307.916,4755.234
11/17/2014,486.98,9981.924,,1075.37,11544.274
11/17/2015,2012.38,,,1873.606,3885.986
11/17/2016,82.408,,,60.276,142.684
11/17/2017,567.6928,12068.99,1020.53,37.67,13694.8828
11/18/2014,1583.942,751.405,,1071.508,3406.855
11/18/2016,1749.852,103.968,1319.96,785.152,3958.932
11/18/2017,346.21,113.814,600.184,409.548,1469.756
11/19/2014,503.13,5873.606,682.91,166.44,7226.086
11/19/2015,,867.744,,173.04,1040.784
11/19/2016,351.628,236.394,18.48,31.96,638.462
11/19/2017,3375.319,2774.415,891.86,355.678,7397.272
11/20/2014,,907.56,,,907.56
11/20/2015,479.988,827.416,377.902,1175.844,2861.15
11/20/2016,1887.7,541.697,574.056,66.88,3070.333
11/20/2017,22,2265.854,289.844,410.576,2988.274
11/21/2014,269.592,,865.5,114.53,1249.622
11/21/2015,1245.5388,1776.356,18.176,573.504,3613.5748
11/21/2016,586.976,362.379,,227.536,1176.891
11/21/2017,55.176,75.164,,2105.844,2236.184
11/22/2014,16.908,,1032.57,53.82,1103.298
11/22/2015,305.484,103.61,91.035,114.37,614.499
11/22/2016,109.88,207.164,,,317.044
11/22/2017,35.712,,,,35.712
11/23/2014,239.81,62.808,,1060.662,1363.28
11/23/2015,386.488,3063.7,,,3450.188
11/23/2016,,100.616,,,100.616
11/23/2017,1016.177,31.524,105.408,,1153.109
11/24/2014,1266.61,3206.938,111.15,993.908,5578.606
11/24/2015,,,,1218.764,1218.764
11/24/2016,1184.776,516.544,392.832,4300.386,6394.538
11/24/2017,57.876,1821.572,1949.309,1130.884,4959.641
11/25/2014,1273.623,1446.832,,1695.24,4415.695
11/25/2015,,,13.12,,13.12
11/25/2016,1745.91,5899.869,138.42,194.352,7978.551
11/25/2017,1742.228,,1474.75,449.179,3666.157
11/26/2014,19.3,414.63,,1272.06,1705.99
11/26/2015,599.99,191.62,692.472,,1484.082
11/26/2016,17.856,960.247,3240.154,4111.486,8329.743
11/26/2017,3281.848,1753.484,12.84,,5048.172
11/27/2014,,203.66,,,203.66
11/27/2015,,2138.4,465.6735,505.71,3109.7835
11/27/2016,514.626,377.03,447.783,311.8,1651.239
11/27/2017,846.89,114.414,52.344,604.606,1618.254
11/28/2014,1062.87,17.248,557.01,643.702,2280.83
11/28/2015,1283.804,527.118,,53.56,1864.482
11/28/2016,,747.248,2681.124,,3428.372
11/28/2017,,6761.526,,151.418,6912.944
11/29/2014,12.624,30.1,,606.32,649.044
11/29/2015,2699.564,,,60.604,2760.168
11/29/2016,300.592,,,,300.592
11/29/2017,,,491.888,,491.888
11/30/2014,,62.28,6.642,150.232,219.154
11/30/2015,3.882,963.563,724.072,106.88,1798.397
11/30/2016,933.95,,36.192,,970.142
11/30/2017,98.344,4109.674,2411.434,25.83,6645.282
12/13/2014,97.348,,12.39,183.414,293.152
12/13/2015,,57.32,,966.066,1023.386
12/13/2016,63.88,,,1130.208,1194.088
12/13/2017,,287.976,,292.96,580.936
12/14/2014,52.28,7403.074,186.304,,7641.658
12/14/2015,,,66.22,792.084,858.304
12/14/2016,,479.05,133.38,216.224,828.654
12/14/2017,1714.852,1843.402,204.55,134.91,3897.714
12/15/2014,812.504,445.802,,6.16,1264.466
12/15/2015,,4193.486,246.168,1055.142,5494.796
12/15/2016,1949.31,2.214,19.44,666.123,2637.087
12/15/2017,10.192,,,296.696,306.888
12/16/2014,535.648,,1146.423,2712.116,4394.187
12/16/2015,,,,4.98,4.98
12/16/2016,4.788,3.68,34.944,585.13,628.542
12/16/2017,10.8,33.376,,814.526,858.702
12/17/2014,,5.484,40.05,,45.534
12/17/2015,1468.298,,,450.194,1918.492
12/17/2016,10110.18,,,2074.954,12185.134
12/17/2017,127.004,315.896,1049.28,535.578,2027.758
12/18/2015,,833.752,94.688,6.848,935.288
12/18/2016,582.78,2694.06,1410.066,2364.444,7051.35
12/18/2017,129.29,3159.714,12.672,344.235,3645.911
12/19/2014,372.12,,2232.502,832.138,3436.76
12/19/2015,312.224,3866.622,,1941.81,6120.656
12/19/2016,1.8,341.688,,471.624,815.112
12/19/2017,,,1665.62,230.306,1895.926
12/20/2014,1192.532,383.034,3616.682,1770.192,6962.44
12/20/2015,964.61,55.48,47.966,39.408,1107.464
12/20/2016,33.9,,100.64,,134.54
12/20/2017,,377.736,,,377.736
12/21/2014,,17.28,18.24,1897.92,1933.44
12/21/2015,1349.63,3.008,126.168,1778.954,3257.76
12/21/2017,391.26,517.91,94.88,1136.89,2140.94
12/22/2014,274.096,513.112,,11.76,798.968
12/22/2015,17.12,456.193,,,473.313
12/22/2016,,25.584,,1017.544,1043.128
12/22/2017,3869.67,1547.739,1240.132,784.48,7442.021
12/23/2014,212.424,109.836,619.848,,942.108
12/23/2015,,,194.32,,194.32
12/23/2016,1087.246,3513.451,859.14,1506.02,6965.857
12/23/2017,247.696,209.41,1456.19,13.48,1926.776
12/24/2014,,30.36,9.568,1910.274,1950.202
12/24/2015,4909.61,795.234,,1779.722,7484.566
12/24/2016,,997.53,823.61,117.12,1938.26
12/24/2017,264.32,409.6,712.85,4846.284,6233.054
12/25/2015,255.58,2255.564,453.364,1240.46,4204.968
12/25/2016,,3797.566,870.04,5820.449,10488.055
12/25/2017,160.162,750.067,1360.67,428.028,2698.927
12/26/2014,609.248,561.504,,870.662,2041.414
12/26/2015,275.058,286.428,,,561.486
12/26/2016,,334.392,,1495.026,1829.418
12/26/2017,811.462,3.132,,,814.594
12/27/2014,67.952,1067.726,521.92,1308.79,2966.388
12/27/2015,1677.1652,1953.722,389.86,1127.7,5148.4472
12/27/2016,879.536,57.184,2.61,20.16,959.49
12/27/2017,,177.636,,,177.636
12/28/2014,,2682.326,,1049.97,3732.296
12/28/2015,24.816,54.384,,,79.2
12/28/2017,260.3808,134.524,64.784,1197.662,1657.3508
12/29/2014,192.072,48.36,,1831.664,2072.096
12/29/2015,,6.36,,,6.36
12/29/2016,1093.018,,103.648,81.014,1277.68
12/29/2017,209.7,6.03,1814.68,885.124,2915.534
12/30/2014,619.454,962.084,39.128,551.985,2172.651
12/30/2015,,,,3251.34,3251.34
12/30/2016,6.924,206.922,72.224,487.704,773.774
12/30/2017,209.3,466.842,,37.648,713.79
12/31/2014,126.778,4650.548,,475.944,5253.27
12/31/2015,296.88,,596.48,487.984,1381.344
12/31/2016,,156.512,71.096,504.16,731.768
2/13/2016,,,,146.82,146.82
2/13/2017,90.64,53.67,,914.12,1058.43
2/14/2014,16.176,,,560.55,576.726
2/14/2015,,1079.962,,,1079.962
2/14/2016,,573.741,264.18,,837.921
2/15/2014,,,,21.36,21.36
2/15/2015,974.9,,,627.48,1602.38
2/15/2016,,407.072,,,407.072
2/16/2014,9.04,,,,9.04
2/16/2015,,35.88,,124.55,160.43
2/16/2016,167.182,644.576,323.88,,1135.638
2/16/2017,705.002,632.44,,,1337.442
2/17/2014,54.208,,,,54.208
2/17/2017,1308.5944,1627.063,29.16,,2964.8174
2/18/2014,37.784,,,,37.784
2/18/2015,,,,105.844,105.844
2/18/2017,,,,287.326,287.326
2/19/2016,,321.78,,70.88,392.66
2/19/2017,,,1245.86,68.73,1314.59
2/20/2014,82.63,,,12.96,95.59
2/20/2015,,286.79,29.99,,316.78
2/20/2016,,,16.496,,16.496
2/20/2017,19.67,,,1130.62,1150.29
2/21/2014,8.85,,,,8.85
2/21/2015,,2541.98,,49.12,2591.1
2/21/2016,,541.1,471.078,511.948,1524.126
2/21/2017,47.904,,,,47.904
2/22/2014,,,,19.44,19.44
2/22/2015,79.36,,,,79.36
2/22/2016,490.32,,,492.85,983.17
2/23/2014,11.364,,,,11.364
2/23/2015,,37.776,,,37.776
2/23/2016,,57.576,,,57.576
2/23/2017,,,,117.8,117.8
2/24/2014,,,,55.672,55.672
2/24/2017,,1448.676,,,1448.676
2/25/2015,,25.87,,,25.87
2/25/2016,,46.72,,,46.72
2/25/2017,1.788,,428.704,,430.492
2/26/2017,,,,2847.646,2847.646
2/27/2014,,19.456,,,19.456
2/27/2015,,620.351,,538.92,1159.271
2/27/2016,73.012,170.88,,,243.892
2/28/2015,,,551.264,,551.264
2/28/2016,,36.48,,,36.48
2/28/2017,,17.62,,,17.62
2/29/2016,,111.104,,,111.104
3/13/2015,,,,1384.856,1384.856
3/13/2016,628.937,2550.587,334.2,5353.158,8866.882
3/13/2017,1366.858,997.36,,2427.132,4791.35
3/14/2014,583.358,,1230.976,294.216,2108.55
3/14/2015,,688.46,,19.44,707.9
3/14/2016,408.8,21.88,,238.688,669.368
3/14/2017,49.616,,,,49.616
3/15/2014,,,370.782,,370.782
3/15/2015,,,,16.776,16.776
3/15/2016,550.816,83.976,365.44,1356.576,2356.808
3/16/2014,,,471.92,,471.92
3/16/2015,,103.42,6911.7,215.09,7230.21
3/16/2017,,760.481,,1253.9,2014.381
3/17/2014,275.104,3581.754,103.5,,3960.358
3/17/2015,,48.84,,,48.84
3/17/2016,,2275.55,,84.784,2360.334
3/17/2017,24.048,496.634,4.608,17.456,542.746
3/18/2014,,,23661.228,4445.488,28106.716
3/18/2016,,,1061.682,,1061.682
3/18/2017,857.398,,,170.36,1027.758
3/19/2014,,,590.762,,590.762
3/19/2015,449.0496,,14.496,5189.394,5652.9396
3/19/2016,,35.3,31.086,72.294,138.68
3/19/2017,,37.85,,2128.398,2166.248
3/20/2015,73.216,1445.674,,29.304,1548.194
3/20/2016,709.152,,86.45,132.709,928.311
3/20/2017,333.678,299.96,,265.93,899.568
3/21/2014,,13.456,4096.36,,4109.816
3/21/2015,,,1270.379,,1270.379
3/21/2016,645.706,,,,645.706
3/21/2017,2089.06,8.856,64.384,1170.336,3332.636
3/22/2014,16.28,,59.109,388.704,464.093
3/22/2015,162.072,,617.912,1701.44,2481.424
3/22/2016,,,,226.468,226.468
3/23/2014,,,9.912,935.152,945.064
3/23/2015,107.772,,59.48,466.05,633.302
3/23/2017,143.728,373.26,,14299.08,14816.068
3/24/2014,,24.9,,40.48,65.38
3/24/2015,359.058,,6.992,46.9,412.95
3/24/2016,22.48,320.126,,403.168,745.774
3/24/2017,12.768,1244.53,,,1257.298
3/25/2014,,366.786,,92.36,459.146
3/25/2016,1287.45,59.52,,,1346.97
3/25/2017,2463.744,11.05,,1092.232,3567.026
3/26/2014,,,,145.13,145.13
3/26/2015,,1155.338,74.352,3393.68,4623.37
3/26/2016,,459.95,187.616,34.68,682.246
3/26/2017,2798.512,377.528,57.01,19.83,3252.88
3/27/2015,,,,83.7,83.7
3/27/2016,,,92.7,,92.7
3/27/2017,1875.128,15.008,874.8,168.58,2933.516
3/28/2014,1190.84,330.588,,302.376,1823.804
3/28/2015,,43.704,,199.64,243.344
3/28/2016,,,31.4,93.9,125.3
3/28/2017,,,68.742,1435.96,1504.702
3/29/2014,890.841,,,,890.841
3/29/2015,,17.64,1172.48,368.96,1559.08
3/29/2016,1702.38,956.959,,,2659.339
3/29/2017,81.4,,,,81.4
3/30/2014,844.266,60.15,,265.906,1170.322
3/30/2015,571.224,,,,571.224
3/30/2016,,11.34,,,11.34
3/30/2017,325.86,5.715,59.76,265.072,656.407
3/31/2014,88.118,0.852,1144.034,726.548,1959.552
3/31/2015,120.756,,79.96,,200.716
3/31/2016,,640.762,,,640.762
3/31/2017,252.4208,867.35,3831.54,29.7,4981.0108
4/13/2014,,638.576,,,638.576
4/13/2015,1078.758,,,2113.92,3192.678
4/13/2016,,,,6.12,6.12
4/13/2017,,7.92,,1337.904,1345.824
4/14/2015,,,,35.208,35.208
4/14/2016,,25.06,81.2,1360.312,1466.572
4/14/2017,8.76,445.898,198.272,,652.93
4/15/2014,,,,294.72,294.72
4/15/2016,41.528,,895.06,1265.268,2201.856
4/15/2017,20.736,,36.012,275.59,332.338
4/16/2014,,,39.072,,39.072
4/16/2015,1483.528,379.544,2298.9,,4161.972
4/16/2016,,9135.19,171.096,28.8,9335.086
4/16/2017,78.006,13.71,503.22,349.493,944.429
4/17/2015,,172.606,,2572.5,2745.106
4/17/2016,29.05,,134.536,257.499,421.085
4/17/2017,195.136,60.312,,3176.011,3431.459
4/18/2014,697.074,,,323.458,1020.532
4/18/2015,753.96,21.93,106.5,1124.57,2006.96
4/18/2016,2267.228,13.83,233.48,,2514.538
4/19/2014,,,129.33,76.14,205.47
4/19/2015,329.96,,,,329.96
4/19/2016,,1257.616,,156.516,1414.132
4/20/2014,1190.53,,,59.92,1250.45
4/20/2015,298.416,,896.31,,1194.726
4/20/2017,575.198,1458.042,,,2033.24
4/21/2014,,,828.84,16.52,845.36
4/21/2015,,,893.09,,893.09
4/21/2016,195.976,67.32,,8.32,271.616
4/21/2017,171.604,908.82,,174.14,1254.564
4/22/2014,,257.752,,,257.752
4/22/2015,,,,152.916,152.916
4/22/2016,110.572,35.01,,1619.883,1765.465
4/22/2017,,254.352,675.06,18.28,947.692
4/23/2014,,595.07,,48.91,643.98
4/23/2016,,242.56,36.24,441.568,720.368
4/23/2017,155.34,316.654,513.496,213.732,1199.222
4/24/2015,,25.99,,,25.99
4/24/2016,258.696,,,1348.404,1607.1
4/24/2017,83.214,177.966,113.568,553.81,928.558
4/25/2014,16.608,,302.376,2061.01,2379.994
4/25/2015,679.232,206.43,,35.284,920.946
4/25/2016,,108.42,,,108.42
4/25/2017,,,109.968,568.145,678.113
4/26/2014,,,,282.568,282.568
4/26/2015,408.422,,1195.8995,485.784,2090.1055
4/26/2016,,434.646,,,434.646
4/26/2017,1.988,,,59.62,61.608
4/27/2015,,2670.19,,49.4,2719.59
4/27/2017,253.3856,,,323.19,576.5756
4/28/2014,,898.516,,1679.96,2578.476
4/28/2015,4044.362,,,,4044.362
4/28/2016,415.632,,,71.04,486.672
4/28/2017,,15.232,780.064,,795.296
4/29/2014,,37.44,731.404,,768.844
4/29/2015,,7.968,,,7.968
4/29/2017,,1053.26,,,1053.26
4/30/2014,,,1048.74,,1048.74
4/30/2015,213.115,1304.13,,54.45,1571.695
4/30/2016,22.608,7.712,,111.888,142.208
4/30/2017,43.372,770.564,283.69,292.5,1390.126
5/13/2014,,,405.456,492.926,898.382
5/13/2015,238.384,,,,238.384
5/13/2017,2229.18,757.95,20.768,58.48,3066.378
5/14/2014,,,310.88,,310.88
5/14/2015,,570.492,,2570.7075,3141.1995
5/14/2016,,79.384,191.018,185.528,455.93
5/14/2017,1078.438,1132.134,48.69,1922.8,4182.062
5/15/2015,,51.968,17.94,,69.908
5/15/2016,,29.008,619.904,,648.912
5/15/2017,67.824,,,353.44,421.264
5/16/2014,,,,289.28,289.28
5/16/2015,,,255.968,,255.968
5/16/2016,,552.56,,327.9,880.46
5/16/2017,,221.024,,,221.024
5/17/2014,91.68,,,,91.68
5/17/2015,47.368,87.1,,,134.468
5/17/2016,63.922,253.03,29.97,,346.922
5/18/2014,3.984,944.964,,,948.948
5/18/2015,,,,10.86,10.86
5/18/2016,,,,122.22,122.22
5/18/2017,907.298,53.656,524.85,344.704,1830.508
5/19/2014,57.42,,34.2,,91.62
5/19/2016,21.4,821.224,641.96,97.424,1582.008
5/19/2017,147.224,889.29,2925.56,957.108,4919.182
5/20/2014,108.444,211.66,,,320.104
5/20/2015,,,169.544,,169.544
5/20/2016,,,1366.654,1105.259,2471.913
5/20/2017,932.81,,,2064.768,2997.578
5/21/2014,186.908,711.68,3333.9,31.84,4264.328
5/21/2015,20.768,24.588,,26.976,72.332
5/21/2016,88.418,111.96,,2517.836,2718.214
5/21/2017,,538.02,,,538.02
5/22/2014,,,180.93,,180.93
5/22/2015,,,,3862.098,3862.098
5/22/2016,,1562.086,14.73,222.384,1799.2
5/22/2017,205.922,,,130.64,336.562
5/23/2014,,310.798,,12.96,323.758
5/23/2015,925.83,51.45,186.69,140.986,1304.956
5/23/2016,1979.928,8539.02,4.98,37.05,10560.978
5/23/2017,70.148,,,171.288,241.436
5/24/2014,,116.28,,,116.28
5/24/2015,610.307,,,,610.307
5/24/2016,,16.656,261.1,,277.756
5/25/2014,104.92,14.62,,,119.54
5/25/2015,411.92,,467.04,860.458,1739.418
5/25/2016,,,1311.97,,1311.97
5/25/2017,50.136,806.05,29.84,,886.026
5/26/2014,475.788,,,849.93,1325.718
5/26/2015,610.156,,352.168,20.24,982.564
5/26/2016,504.082,119.502,232.624,1119.148,1975.356
5/26/2017,,,257.28,12.96,270.24
5/27/2014,17.46,,,2139.934,2157.394
5/27/2016,5291.698,,,13.38,5305.078
5/27/2017,477.3,,663.482,944.126,2084.908
5/28/2014,,,,221.968,221.968
5/28/2015,,787.516,,6.63,794.146
5/28/2016,286.4,54.9,638.344,1157.68,2137.324
5/28/2017,164.801,529.862,301.96,483.48,1480.103
5/29/2015,12.39,451.722,,740.73,1204.842
5/29/2016,,,1063.185,,1063.185
5/29/2017,691.108,,,,691.108
5/30/2014,1075.431,835.862,13.62,,1924.913
5/30/2015,,529.14,151.96,,681.1
5/30/2016,1586.53,963.908,4459.112,1081.028,8090.578
5/30/2017,204.6664,,253.86,278.364,736.8904
5/31/2014,,,773.7,,773.7
5/31/2015,2802.356,375.02,10.272,1990.49,5178.138
5/31/2016,252.007,186.852,,,438.859
6/13/2014,,,,14.52,14.52
6/13/2015,,109.504,982.77,36.624,1128.898
6/13/2016,396.87,33.568,,,430.438
6/13/2017,683.022,,181.86,291.136,1156.018
6/14/2014,212.94,,,,212.94
6/14/2015,,51.072,,,51.072
6/14/2016,,337.176,58.4,3061.523,3457.099
6/15/2014,942.974,,,,942.974
6/15/2015,,,11.672,722.472,734.144
6/15/2016,173.488,,,,173.488
6/15/2017,166.45,,3718.864,172.196,4057.51
6/16/2014,647.84,115.952,,,763.792
6/16/2015,253.34,3190.564,,,3443.904
6/16/2016,,9.45,91.475,46.35,147.275
6/16/2017,5.936,503.872,754.606,1459.78,2724.194
6/17/2014,62.016,65.97,,3290.516,3418.502
6/17/2016,,1657.466,,1343.454,3000.92
6/17/2017,23.888,3505.84,,366.944,3896.672
6/18/2014,,,,139.8,139.8
6/18/2015,,,1730.103,152.984,1883.087
6/18/2016,76.864,465.074,,,541.938
6/18/2017,74.352,,,956.8035,1031.1555
6/19/2015,234.712,5.904,,205.73,446.346
6/19/2016,,,,17.12,17.12
6/19/2017,778.025,1263.036,,74.88,2115.941
6/20/2014,1828.9496,,,,1828.9496
6/20/2015,,319.984,,509.56,829.544
6/20/2016,170.926,604.822,,453.8,1229.548
6/20/2017,,487.404,540.824,,1028.228
6/21/2014,,3645.521,425.67,36.252,4107.443
6/21/2015,,,107.976,,107.976
6/21/2016,0.836,576.272,,,577.108
6/21/2017,,595.656,,,595.656
6/22/2014,663.75,1106.77,,204.978,1975.498
6/22/2015,796.425,1217.568,,4.96,2018.953
6/22/2017,490.996,50.415,37.608,,579.019
6/23/2014,,86.376,23.12,,109.496
6/23/2015,,,268.4,568.558,836.958
6/23/2016,,1477.16,,997.934,2475.094
6/24/2014,,,,4.272,4.272
6/24/2016,449.622,,,4861.33,5310.952
6/24/2017,193.266,574.128,,520.22,1287.614
6/25/2014,,,,792.76,792.76
6/25/2015,128.928,109.36,,618.792,857.08
6/25/2016,117.958,714.498,,60.81,893.266
6/25/2017,148.48,400.784,,959.088,1508.352
6/26/2015,1013.78,43.056,535.36,,1592.196
6/26/2016,566.89,932.52,135.95,284.24,1919.6
6/26/2017,1090.83,2330.194,287.424,515.688,4224.136
6/27/2014,,,616.14,,616.14
6/27/2016,577.122,,,201.584,778.706
6/27/2017,20.07,191.646,,1433.19,1644.906
6/28/2014,6.08,1639.711,,,1645.791
6/28/2015,,498.492,260.31,627.664,1386.466
6/28/2016,359.976,475.86,,41.32,877.156
6/29/2014,,46.68,,,46.68
6/29/2015,269.98,162.946,,,432.926
6/29/2016,,,191.88,,191.88
6/29/2017,1118.3692,694.67,,2708.952,4521.9912
6/30/2014,52.48,344.056,310.688,32.4,739.624
6/30/2016,50.12,,1302.83,,1352.95
6/30/2017,1584.866,2400.85,19.52,716.741,4721.977
7/13/2014,,,,351.216,351.216
7/13/2015,41.568,1952.808,38.88,,2033.256
7/13/2017,373.94,130.602,,,504.542
7/14/2014,68.204,168.47,,55.92,292.594
7/14/2015,,,,860.916,860.916
7/14/2016,639.784,719.366,117.15,673.66,2149.96
7/14/2017,,2610.73,,988.204,3598.934
7/15/2014,9.51,,,,9.51
7/15/2016,,,,380.2,380.2
7/15/2017,,1066.389,1065.84,,2132.229
7/16/2015,,980.53,,2048.856,3029.386
7/16/2016,66.792,644.198,199.18,,910.17
7/16/2017,2.912,71.372,242.352,,316.636
7/17/2015,20.696,,231.92,195.466,448.082
7/17/2016,589.52,861.08,,734.28,2184.88
7/17/2017,,408.96,7.904,1775.009,2191.873
7/18/2014,,13.904,,259.136,273.04
7/18/2015,,152.458,,519.96,672.418
7/18/2016,15.576,313.84,140.81,2421.632,2891.858
7/18/2017,,807.898,,1298.896,2106.794
7/19/2014,,455.23,,6.096,461.326
7/19/2015,,,,2.025,2.025
7/19/2016,,,1110.5,425.954,1536.454
7/20/2014,1340.976,53.344,,891.466,2285.786
7/20/2015,2693.168,,,,2693.168
7/20/2016,,89.95,,,89.95
7/20/2017,1922.164,361.044,,,2283.208
7/21/2014,787.866,,,1173.616,1961.482
7/21/2016,,197.861,370.184,423.05,991.095
7/21/2017,223.572,490.774,951.98,2019.618,3685.944
7/22/2014,26.632,165.94,,1155.772,1348.344
7/22/2016,1137.4,138.148,,92.5,1368.048
7/22/2017,526.344,29.97,,,556.314
7/23/2014,,99.98,,2513.204,2613.184
7/23/2015,,208.272,,,208.272
7/23/2016,330.2,,324.387,,654.587
7/23/2017,756.228,68.448,,73.512,898.188
7/24/2015,,,525.95,,525.95
7/24/2016,,253.764,73.2,,326.964
7/24/2017,,,,2399.96,2399.96
7/25/2014,,,,8341.29,8341.29
7/25/2015,,25.176,457.04,1912.808,2395.024
7/25/2016,977.828,1683.856,2513.91,744.894,5920.488
7/25/2017,318.346,480.396,,,798.742
7/26/2014,2780.268,,256.48,2003.246,5039.994
7/26/2015,,10.368,,958.857,969.225
7/26/2017,,,,2012.302,2012.302
7/27/2014,,65.78,,514.28,580.06
7/27/2015,,,29.97,,29.97
7/27/2017,,558.81,285.88,297.99,1142.68
7/28/2014,,,193.152,,193.152
7/28/2016,457.78,1556.694,,18.9,2033.374
7/28/2017,,,,1170.564,1170.564
7/29/2016,,84.784,734.37,,819.154
7/29/2017,1063.428,60.12,61.216,206.53,1391.294
7/30/2014,,,,1367.84,1367.84
7/30/2015,217.672,,,226.13,443.802
7/30/2016,1055.136,,,715.64,1770.776
7/30/2017,,166.726,,356.65,523.376
7/31/2015,52.59,3419.872,239.7,,3712.162
7/31/2016,1311.03,,,863.128,2174.158
7/31/2017,210.192,1212.892,41.424,93.52,1558.028
8/13/2015,11.36,422.856,70.32,82.36,586.896
8/13/2016,494.78,,236.744,,731.524
8/13/2017,,17.544,2382.926,242.694,2643.164
8/14/2016,,787.044,15.552,121.092,923.688
8/14/2017,,,,440.736,440.736
8/15/2014,30.96,62.94,243.6,505.282,842.782
8/15/2015,,,,497.59,497.59
8/15/2016,,,930.84,749.426,1680.266
8/15/2017,50.4,1899.472,,,1949.872
8/16/2014,,853.092,,,853.092
8/16/2015,,1178.604,,2200.328,3378.932
8/16/2016,,,,204.54,204.54
8/16/2017,,,80.564,,80.564
8/17/2014,15.552,,484.79,,500.342
8/17/2015,,52.2,,329.44,381.64
8/17/2016,,,,15.712,15.712
8/17/2017,143.808,5774.658,201.09,3397.732,9517.288
8/18/2016,100.804,395.31,,,496.114
8/18/2017,228.188,327.648,,6522.648,7078.484
8/19/2014,,96.68,983.73,358.696,1439.106
8/19/2016,,448.792,,,448.792
8/19/2017,2.296,407.43,,102.72,512.446
8/20/2014,421.372,,1417.35,,1838.722
8/20/2016,14.78,,,,14.78
8/20/2017,,40.29,35.96,616.7,692.95
8/21/2015,,1474.714,53.28,1299.526,2827.52
8/21/2016,,1388.466,37.264,3372.562,4798.292
8/21/2017,87.52,4732.12,866.4,2865.014,8551.054
8/22/2014,11.56,3.912,7.632,,23.104
8/22/2015,,66.632,,,66.632
8/22/2016,4.312,251.158,,149.88,405.35
8/22/2017,,314.532,,210.008,524.54
8/23/2014,19.44,71.84,,473.944,565.224
8/23/2015,59.848,,1142.43,,1202.278
8/23/2016,1496.044,1091.44,,1599.864,4187.348
8/23/2017,,,4590.344,,4590.344
8/24/2014,,25.952,25.5,8.288,59.74
8/24/2015,2645.021,794.672,3747.93,7.152,7194.775
8/24/2017,,685.056,,,685.056
8/25/2014,38.064,229.502,,1184.084,1451.65
8/25/2015,31.782,,,146.744,178.526
8/25/2017,,156.676,205.312,,361.988
8/26/2014,,190.01,,176.8,366.81
8/26/2016,2390.65,483.094,217.548,1783.006,4874.298
8/26/2017,118.68,,71.98,,190.66
8/27/2014,,,1825.37,244.76,2070.13
8/27/2015,,,,639.974,639.974
8/27/2016,208.92,549.775,9.216,,767.911
8/27/2017,5.952,3069.802,22.416,3092.368,6190.538
8/28/2015,4003.401,470.36,,2017.532,6491.293
8/28/2016,179.5368,18.432,,124.056,322.0248
8/28/2017,165.474,,,1278.158,1443.632
8/29/2014,,,709.0425,123.28,832.3225
8/29/2015,246.5,,,,246.5
8/29/2016,162.388,469.8,,,632.188
8/29/2017,78.04,9.408,,148.02,235.468
8/30/2014,,121.24,,,121.24
8/30/2016,,1269.87,,387,1656.87
8/31/2014,,,,92.52,92.52
8/31/2015,20.96,,,2580.837,2601.797
8/31/2016,23.968,,,,23.968
8/31/2017,638.73,,889.444,1634.656,3162.83
9/13/2014,340.116,275.514,18.648,641.13,1275.408
9/13/2015,1894.056,2.412,212.952,1336.352,3445.772
9/13/2016,2374.73,,,,2374.73
9/13/2017,,,15.92,,15.92
9/14/2014,104.016,4744.012,175.688,,5023.716
9/14/2015,25.9,1884.144,269.49,1082.886,3262.42
9/14/2016,,1111.418,25.92,,1137.338
9/14/2017,19.05,3274.461,1017.136,56.7,4367.347
9/15/2014,,133.436,,,133.436
9/15/2015,215.18,289.976,2030.694,,2535.85
9/15/2016,,846.912,,1254.27,2101.182
9/15/2017,387.592,2254.11,163.96,4479.364,7285.026
9/16/2014,,33.552,,,33.552
9/16/2015,,,31.12,,31.12
9/16/2016,,,121.78,304.106,425.886
9/16/2017,73.56,725.39,18,32.7,849.65
9/17/2014,,5.892,52.608,762.023,820.523
9/17/2015,28.524,11351.882,87.168,57.432,11525.006
9/17/2016,33.4,1281.77,396,331.956,2043.126
9/17/2017,1749.902,514.05,830.24,1885.034,4979.226
9/18/2015,,2503.82,717.12,703.38,3924.32
9/18/2016,,804.514,1650.578,2295.99,4751.082
9/18/2017,210.04,29.26,997.83,274.8,1511.93
9/19/2014,5579.94,887.103,2692.329,179.265,9338.637
9/19/2015,,279.86,128.32,92.2,500.38
9/19/2016,703.68,2693.642,254.99,187,3839.312
9/19/2017,,37.242,131.016,1479.93,1648.188
9/20/2014,1122.25,4106.51,2.816,104.392,5335.968
9/20/2015,2.808,123.528,1664.132,45.584,1836.052
9/20/2016,83.7,393.25,115.48,639.574,1232.004
9/20/2017,,7359.918,,,7359.918
9/21/2014,77.254,104.76,,2497.638,2679.652
9/21/2015,1322.782,1218.14,3631.96,809.176,6982.058
9/21/2017,20.16,1.908,92.774,223.33,338.172
9/22/2014,331.536,693.992,4.608,210.13,1240.266
9/22/2015,,673.576,843.888,266.04,1783.504
9/22/2016,188.38,216.7,142.058,68.432,615.57
9/22/2017,732.31,6331.953,757.81,49.14,7871.213
9/23/2014,9900.19,242.164,,519.983,10662.337
9/23/2016,,600.297,487.22,234.628,1322.145
9/23/2017,435.104,,464.55,1496.132,2395.786
9/24/2014,,,,211.96,211.96
9/24/2015,2245.28,144.512,517.5,1313.302,4220.594
9/24/2016,583.182,155.372,,1547.496,2286.05
9/24/2017,1863.708,2102.58,880.514,1603.66,6450.462
9/25/2014,340.3128,,,14.576,354.8888
9/25/2015,128.744,1340.638,22.549,1541.826,3033.757
9/25/2016,789.526,642.016,,2011.549,3443.091
9/25/2017,278.23,916.533,177.55,39.9,1412.213
9/26/2014,154.7,265.234,,1060.68,1480.614
9/26/2015,1116.48,960.424,,1645.369,3722.273
9/26/2016,1336.913,,431.976,929.2775,2698.1665
9/26/2017,,,419.136,1067.44,1486.576
9/27/2014,,87.54,,685.9,773.44
9/27/2015,81.688,,2026.78,274.49,2382.958
9/27/2016,956.6648,2.907,31.83,1001.584,1992.9858
9/28/2014,,46.26,444.032,,490.292
9/28/2015,,601.5,,456.864,1058.364
9/28/2016,99.136,,,,99.136
9/28/2017,1.744,2.655,10.368,544.504,559.271
9/29/2014,,3967.992,,4141.078,8109.07
9/29/2016,40.88,15.936,298.83,952.146,1307.792
9/29/2017,372.446,827.168,243.92,500.546,1944.08
9/30/2014,,859.588,84.768,43.176,987.532
9/30/2016,1.964,523.92,,,525.884
9/30/2017,11.646,185.544,,343.57,540.76
02-01-2014,468.9,,,,468.9
03-01-2014,1739.643,5.94,,457.568,2203.151
04-01-2014,,73.2,,46.688,119.888
06-01-2014,3949.71,334.68,904.13,,5188.52
07-01-2014,,,581.104,19.92,601.024
08-01-2014,,5.68,202.896,19.752,228.328
09-01-2014,34.752,380.744,,53.94,469.436
10-01-2014,,,,4.71,4.71
11-01-2014,15.696,903.944,1119.6,2692.84,4732.08
12-01-2014,3528.538,1941.684,95.968,58.2,5624.39
02-02-2014,,,199.296,12.35,211.646
03-02-2014,,202.384,,,202.384
04-02-2014,60.208,,1398.35,,1458.558
05-02-2014,,26.136,479.984,,506.12
06-02-2014,,,605.47,133.128,738.598
07-02-2014,,79.56,,,79.56
08-02-2014,886.28,,,,886.28
09-02-2014,1275.63,184.54,1793.98,,3254.15
10-02-2014,,,,598.144,598.144
11-02-2014,88.776,733.638,799.92,504.036,2126.37
12-02-2014,117.178,1633.44,21.19,,1771.808
01-03-2014,16.448,,,,16.448
02-03-2014,,,,97.112,97.112
03-03-2014,176.772,523.312,19.456,626.352,1345.892
04-03-2014,,,,233.45,233.45
05-03-2014,21.56,51.072,,,72.632
06-03-2014,225.456,,,515.88,741.336
08-03-2014,,163.62,,314.374,477.994
09-03-2014,7.68,14.4,,,22.08
10-03-2014,316.187,212.952,67.76,265.784,862.683
11-03-2014,89.97,1144.456,1543.017,6.72,2784.163
12-03-2014,505.88,,,,505.88
01-04-2014,288.06,,,,288.06
02-04-2014,,,,134.384,134.384
03-04-2014,,,370.452,,370.452
04-04-2014,84.83,,364.93,26.084,475.844
05-04-2014,90.112,27.46,,69.86,187.432
06-04-2014,,456.272,,,456.272
07-04-2014,,,37.44,209.968,247.408
08-04-2014,,617.12,,2126.034,2743.154
10-04-2014,,589.41,,139.338,728.748
11-04-2014,,4859.436,66.616,1767.696,6693.748
12-04-2014,,129.98,,,129.98
01-05-2014,,19.536,,,19.536
03-05-2014,,705.562,,,705.562
04-05-2014,872.338,55.48,4367.28,,5295.098
05-05-2014,173.117,,87.86,,260.977
07-05-2014,502.2,,760.944,180.96,1444.104
08-05-2014,489.23,1369.33,,550.164,2408.724
09-05-2014,,264.32,31.984,,296.304
10-05-2014,,91.92,,99.98,191.9
11-05-2014,,1476.834,197.69,20.04,1694.564
12-05-2014,433.56,883.69,24.56,1621.832,2963.642
01-06-2014,,,4387.66,19.44,4407.1
02-06-2014,8.952,,321.56,,330.512
04-06-2014,,326.762,,1323.928,1650.69
05-06-2014,,,,254.456,254.456
06-06-2014,138.812,1171.808,63.381,,1374.001
07-06-2014,,559.992,,478.48,1038.472
08-06-2014,,199.98,62.91,,262.89
09-06-2014,,,,100.36,100.36
10-06-2014,401.7,83.92,,9.09,494.71
11-06-2014,,,43.68,,43.68
12-06-2014,338.526,,42.208,1590.244,1970.978
01-07-2014,87.158,,,,87.158
02-07-2014,,180.32,,,180.32
03-07-2014,,,,1561.062,1561.062
04-07-2014,,,1021.17,,1021.17
05-07-2014,,1091.35,,,1091.35
06-07-2014,281.397,,,,281.397
07-07-2014,,241.194,,,241.194
09-07-2014,2474.991,917.044,,131.84,3523.875
10-07-2014,107.44,129.92,,,237.36
11-07-2014,1143.21,36.1,,269.832,1449.142
12-07-2014,,,105.52,442.88,548.4
02-08-2014,,,,14.56,14.56
04-08-2014,,172.11,1215.92,570.72,1958.75
05-08-2014,,1799.97,,,1799.97
06-08-2014,,1745.36,170.352,585.552,2501.264
07-08-2014,,63.882,,699.192,763.074
08-08-2014,1109.725,,155.456,2690.448,3955.629
09-08-2014,11757.796,193.064,371.82,1905.748,14228.428
10-08-2014,,123.92,23.472,,147.392
11-08-2014,,,,333.576,333.576
12-08-2014,60.416,,,1034.704,1095.12
01-09-2014,40.544,,,,40.544
05-09-2014,,,158.71,235.77,394.48
06-09-2014,142.344,,1441.3,3879.364,5463.008
07-09-2014,24.72,,,240.801,265.521
08-09-2014,,,193.936,3411.749,3605.685
09-09-2014,114.496,2629.102,1299.99,,4043.588
10-09-2014,,,88.768,160.592,249.36
11-09-2014,,56.52,,1517.574,1574.094
12-09-2014,276.62,1110.648,,135.384,1522.652
01-10-2014,,,54.83,,54.83
03-10-2014,22.38,,,719.576,741.956
05-10-2014,,372.285,,1971.514,2343.799
06-10-2014,491.55,,,,491.55
09-10-2014,,336.82,9.64,1508.768,1855.228
10-10-2014,1488.774,120.258,,440.354,2049.386
11-10-2014,1194.87,,,807.686,2002.556
12-10-2014,,117.704,,455.632,573.336
01-11-2014,,9.94,,,9.94
02-11-2014,535.27,,1508.13,,2043.4
03-11-2014,,127.704,782.63,7.98,918.314
04-11-2014,758.352,,737.2,419.688,1915.24
05-11-2014,1606.892,35.91,,,1642.802
07-11-2014,586.336,1600.87,,,2187.206
08-11-2014,,375.34,,76.28,451.62
09-11-2014,,,,127.95,127.95
10-11-2014,,483.336,16.23,881.598,1381.164
11-11-2014,3114.304,823.498,,4176.746,8114.548
02-12-2014,,,,129.568,129.568
04-12-2014,32.4,,,1879.723,1912.123
05-12-2014,34.79,700.056,,,734.846
07-12-2014,613.862,,,1346.15,1960.012
08-12-2014,,196.21,744.394,891.776,1832.38
09-12-2014,793.03,3919.206,192.424,,4904.66
10-12-2014,22.24,,,36.29,58.53
11-12-2014,405.8652,,7.872,641.024,1054.7612
12-12-2014,210.392,,23.472,4704.5405,4938.4045
03-01-2015,1379.1664,3.552,58.72,200.736,1642.1744
05-01-2015,,,277.632,173.308,450.94
06-01-2015,822.438,,,11.76,834.198
08-01-2015,,,,1011.696,1011.696
09-01-2015,,1388.46,,979.104,2367.564
10-01-2015,111.76,334.43,,712.224,1158.414
11-01-2015,,2796.266,301.96,7.88,3106.106
12-01-2015,48.308,,125.64,6956.646,7130.594
01-02-2015,,1932.096,,,1932.096
03-02-2015,112.04,,,787.53,899.57
04-02-2015,139.444,,,159.776,299.22
05-02-2015,167.232,,,,167.232
07-02-2015,1338.594,19.44,273.868,,1631.902
08-02-2015,,448.21,,842.268,1290.478
10-02-2015,,289.69,7.38,972.196,1269.266
11-02-2015,374.076,2731.086,197.72,2225.669,5528.551
01-03-2015,1768.2216,,,,1768.2216
02-03-2015,178.37,90.882,74.52,149.064,492.836
05-03-2015,,1058.188,,1140.572,2198.76
07-03-2015,,458.072,365.91,,823.982
09-03-2015,7.5,1113.536,200.984,552.878,1874.898
10-03-2015,,154.552,,120.666,275.218
11-03-2015,6.608,1448.82,,1345.418,2800.846
12-03-2015,,1324.296,288.85,359.499,1972.645
01-04-2015,72.24,,192.22,,264.46
04-04-2015,1273.606,210.992,,,1484.598
05-04-2015,1094.562,26.8,,,1121.362
06-04-2015,,65.72,,1126.59,1192.31
07-04-2015,1099.96,15.48,,22.848,1138.288
09-04-2015,134.376,7.656,919.49,9.762,1071.284
10-04-2015,,85.68,392.94,26.96,505.58
12-04-2015,85.96,2996.438,1643.244,460.172,5185.814
01-05-2015,,90.168,,205.104,295.272
03-05-2015,380.954,1588.313,,,1969.267
04-05-2015,,1660.26,157.794,1156.004,2974.058
06-05-2015,10.56,1522.638,,,1533.198
07-05-2015,19,73.776,28.87,,121.646
08-05-2015,72.65,,,,72.65
09-05-2015,132.86,,67.96,733.283,934.103
10-05-2015,,418.59,75.04,357.462,851.092
11-05-2015,19.824,59.762,594.136,161.152,834.874
12-05-2015,210.064,493.774,97.424,96.06,897.322
01-06-2015,,,,31.538,31.538
02-06-2015,692.214,1558.42,176.63,5.28,2432.544
03-06-2015,,,,1555.244,1555.244
04-06-2015,92.052,,47.952,,140.004
07-06-2015,,1209.46,,170.352,1379.812
08-06-2015,494.8692,,,,494.8692
09-06-2015,,618.134,143.284,244.236,1005.654
11-06-2015,,,,11.481,11.481
12-06-2015,1002.752,2391.004,173.94,2493.806,6061.502
02-07-2015,,,324.11,,324.11
03-07-2015,,807.54,,,807.54
04-07-2015,847.2,60.236,,,907.436
05-07-2015,259.942,,45.68,,305.622
06-07-2015,,52.248,,7.52,59.768
08-07-2015,241.34,184.38,520.03,22.456,968.206
09-07-2015,47.516,2062.485,140.736,671.93,2922.667
11-07-2015,747.642,773.08,1361.631,190.72,3073.073
12-07-2015,,801.988,436.86,99.45,1338.298
02-08-2015,21.11,107.982,,,129.092
03-08-2015,2540.448,19.44,,3.408,2563.296
05-08-2015,545.91,3430.81,,5.248,3981.968
06-08-2015,145.504,,937.608,,1083.112
07-08-2015,21.12,,,,21.12
08-08-2015,,681.43,,158.672,840.102
09-08-2015,,,21.36,68.28,89.64
10-08-2015,76.22,,,145.9,222.12
11-08-2015,274.436,10337.276,832.065,753.22,12196.997
12-08-2015,2199.072,,,473.656,2672.728
01-09-2015,,,364.07,,364.07
02-09-2015,581.632,,,203.92,785.552
03-09-2015,473.4,,4.608,,478.008
04-09-2015,,388.08,,369.912,757.992
05-09-2015,,,48.81,,48.81
06-09-2015,12.96,,288.42,495.736,797.116
07-09-2015,48.632,1533.322,5.16,,1587.114
08-09-2015,1334.03,3539.754,4.608,,4878.392
10-09-2015,1396.353,655.88,81.302,,2133.535
11-09-2015,1095.9,3521.912,,2.48,4620.292
12-09-2015,34.02,,,,34.02
01-10-2015,,1018.104,,,1018.104
02-10-2015,,77.24,,,77.24
03-10-2015,1.112,89.82,,,90.932
04-10-2015,,156.71,,12.832,169.542
05-10-2015,107.754,,,46.688,154.442
07-10-2015,,,,43.286,43.286
08-10-2015,139.69,,,711.784,851.474
09-10-2015,194.826,708.82,,512.08,1415.726
10-10-2015,8.016,,1801.632,438.546,2248.194
11-10-2015,2879.42,577.584,,79.9,3536.904
12-10-2015,1053.518,1835.162,129.64,62.06,3080.38
04-11-2015,,513.73,121.888,692.728,1328.346
05-11-2015,,,,191.968,191.968
06-11-2015,,,3373.564,,3373.564
07-11-2015,,1813.63,,128.322,1941.952
08-11-2015,,149.96,46.152,,196.112
09-11-2015,,1481.64,,480.49,1962.13
10-11-2015,,31.95,979.9455,,1011.8955
11-11-2015,542.178,,,,542.178
12-11-2015,530.548,10.332,209.448,840.566,1590.894
01-12-2015,,854.614,,,854.614
03-12-2015,,,51.016,,51.016
04-12-2015,,,,40.74,40.74
05-12-2015,769.024,36.63,,254.696,1060.35
06-12-2015,24.56,93.932,55.984,,174.476
07-12-2015,2052.567,,,,2052.567
09-12-2015,,685.844,,21.98,707.824
10-12-2015,412.24,1878.658,,99.86,2390.758
11-12-2015,304.224,15.56,792.508,15.7,1127.992
12-12-2015,22.368,8.22,,1418.266,1448.854
02-01-2016,,,56.45,105.52,161.97
03-01-2016,,6125.822,,159.984,6285.806
04-01-2016,12.99,2079.746,7.04,61.704,2161.48
05-01-2016,,,517.866,,517.866
07-01-2016,,136.43,85.5,1502.446,1724.376
08-01-2016,19.648,19.312,,1085.688,1124.648
09-01-2016,477.5,5253.992,,34.66,5766.152
10-01-2016,219.614,330.588,36.364,194.848,781.414
11-01-2016,179.784,,273.59,,453.374
12-01-2016,386.554,2709.519,3013.882,1255.5,7365.455
01-02-2016,,405.92,,,405.92
02-02-2016,73.784,117.96,8805.04,,8996.784
04-02-2016,1454.9,,,,1454.9
05-02-2016,489.744,421.336,187.056,,1098.136
06-02-2016,,64.784,,93.06,157.844
07-02-2016,569.902,,7.7,195.184,772.786
08-02-2016,,,,482.584,482.584
09-02-2016,1689.818,115.46,1854.241,3132.674,6792.193
10-02-2016,18336.74,61.44,,54.792,18452.972
12-02-2016,928.52,3287.138,,468.958,4684.616
01-03-2016,1981.37,,,114.46,2095.83
02-03-2016,,,866.4,,866.4
03-03-2016,6109.542,1094.25,,60.63,7264.422
04-03-2016,341.352,99.846,,,441.198
05-03-2016,55.972,1043.041,,,1099.013
06-03-2016,,,,71.088,71.088
07-03-2016,,830.78,,16.92,847.7
08-03-2016,248.82,,,,248.82
09-03-2016,346.004,1932.312,87.28,,2365.596
10-03-2016,53.728,599.292,,1027.676,1680.696
11-03-2016,112.448,542.155,903.77,2244.423,3802.796
12-03-2016,611.94,1578.336,,3079.54,5269.816
01-04-2016,,109.252,959.968,,1069.22
02-04-2016,,90.48,,107.388,197.868
03-04-2016,128.4,159.98,10.08,16.99,315.45
04-04-2016,,792.414,177.78,,970.194
06-04-2016,677.949,1562.694,75.88,,2316.523
07-04-2016,,,,1651.301,1651.301
08-04-2016,3.98,,158.81,335.12,497.91
09-04-2016,898.208,147.26,662.344,2824.23,4532.042
10-04-2016,59.752,5788.782,64.248,,5912.782
11-04-2016,77.488,,1168.16,2643.17,3888.818
12-04-2016,,839.436,,104.85,944.286
01-05-2016,,,255.904,,255.904
02-05-2016,,,2075.51,918.966,2994.476
03-05-2016,162.344,,,,162.344
04-05-2016,158.368,887.966,,,1046.334
05-05-2016,,,380.94,2320.34,2701.28
06-05-2016,,518.648,,141.172,659.82
08-05-2016,,,197.05,,197.05
09-05-2016,1635.836,1455.806,1906.586,228.12,5226.348
11-05-2016,2216.0748,23.988,1120.73,906.106,4266.8988
12-05-2016,2673.298,709.11,1476.62,407.976,5267.004
02-06-2016,,,132.224,,132.224
03-06-2016,309.082,502.221,,,811.303
04-06-2016,,1294.75,,,1294.75
05-06-2016,83.864,111.496,,41.6,236.96
06-06-2016,328.224,1368.78,678.87,3650.438,6026.312
08-06-2016,,109.22,,211.168,320.388
09-06-2016,460.168,754.212,99.156,,1313.536
10-06-2016,28.85,,,801.55,830.4
11-06-2016,,,368.432,404.824,773.256
12-06-2016,,1671.08,,2207.196,3878.276
01-07-2016,48.996,,,34.58,83.576
02-07-2016,,30.352,107.83,623.96,762.142
03-07-2016,21.072,,,,21.072
04-07-2016,,770.598,,1199.976,1970.574
05-07-2016,,4835.976,,,4835.976
06-07-2016,,42.048,,9.514,51.562
07-07-2016,339.98,85.209,45.584,3411.458,3882.231
08-07-2016,,,,179.97,179.97
10-07-2016,,4.928,,968.784,973.712
11-07-2016,358.548,1165.43,,2286.486,3810.464
01-08-2016,1671.93,,187.228,,1859.158
02-08-2016,241.5,,1127.976,,1369.476
03-08-2016,404.212,310.576,1466.32,9.702,2190.81
04-08-2016,1616.704,578.38,588.66,122.66,2906.404
05-08-2016,,1322.304,,17.94,1340.244
07-08-2016,911.256,12.96,839.944,852.352,2616.512
08-08-2016,75.68,,23.34,1016.184,1115.204
09-08-2016,3366.8716,396.18,99.872,631.06,4493.9836
10-08-2016,111.856,,387.72,61.96,561.536
11-08-2016,,,993.9,,993.9
12-08-2016,2489.284,23.541,334.256,1862.014,4709.095
01-09-2016,,15.168,,727.878,743.046
02-09-2016,,,,121.83,121.83
03-09-2016,,635.6,,,635.6
04-09-2016,523.18,,,592.017,1115.197
05-09-2016,1032.928,96.704,27.86,126.02,1283.512
06-09-2016,692.94,,695.7,299.832,1688.472
07-09-2016,,573.286,,,573.286
08-09-2016,,,661.354,,661.354
09-09-2016,15.008,14.624,,55.36,84.992
10-09-2016,,375.944,,170.976,546.92
11-09-2016,,,,479.97,479.97
12-09-2016,275.293,125.81,1180.46,273.92,1855.483
01-10-2016,,,,174.75,174.75
03-10-2016,,216.776,,7662.958,7879.734
04-10-2016,13.568,8.904,,928.122,950.594
05-10-2016,7.072,743.988,,11.96,763.02
06-10-2016,,23.616,,1388.78,1412.396
07-10-2016,492.28,341.991,,61.624,895.895
09-10-2016,1020.89,66.17,587.24,420.024,2094.324
10-10-2016,30.392,,24.703,227.658,282.753
11-10-2016,963.144,1940.176,41.86,1778.298,4723.478
12-10-2016,1424.9,1210.3,,824.51,3459.71
01-11-2016,,149.444,,,149.444
02-11-2016,69.93,,,,69.93
03-11-2016,63.44,274.342,558.24,,896.022
05-11-2016,,,,5.98,5.98
06-11-2016,22.16,239.97,,1361.286,1623.416
08-11-2016,151.82,,,,151.82
09-11-2016,332.226,797.342,1611.01,3761.008,6501.586
10-11-2016,33.064,,,,33.064
11-11-2016,3094.992,636.296,681.432,531.576,4944.296
12-11-2016,,2371.382,91.896,3638.972,6102.25
02-12-2016,,,1366.04,,1366.04
03-12-2016,,29.34,12.96,1652.342,1694.642
04-12-2016,,,640.618,901.912,1542.53
05-12-2016,,724.348,10.96,183.57,918.878
06-12-2016,1891.203,633,224.9,213.46,2962.563
07-12-2016,,,,95.76,95.76
08-12-2016,1406.424,1983.244,562.2925,,3951.9605
09-12-2016,68.52,40.48,1159.06,775.732,2043.792
11-12-2016,405.892,3588.096,,920.95,4914.938
12-12-2016,732.17,509.715,299.07,440.16,1981.115
01-01-2017,958.502,48.896,,474.43,1481.828
04-01-2017,122.6,42.93,397.35,5410.108,5972.988
05-01-2017,,,4108.37,,4108.37
06-01-2017,4526.22,532.142,,,5058.362
07-01-2017,639.83,,,,639.83
08-01-2017,1572.254,,271.96,241.436,2085.65
09-01-2017,498.26,114.9,,648.65,1261.81
10-01-2017,111.522,1704.89,,1162.054,2978.466
11-01-2017,,230.69,,2690.74,2921.43
12-01-2017,923.326,1890.801,,2517.051,5331.178
01-02-2017,1322.75,,740.214,16.59,2079.554
02-02-2017,,159.73,,753.624,913.354
03-02-2017,19.754,646.008,,784.364,1450.126
04-02-2017,,11.12,786.74,25.11,822.97
05-02-2017,,129.93,,269.18,399.11
06-02-2017,10.688,30.41,25.344,69.264,135.706
07-02-2017,169.192,,,,169.192
09-02-2017,3779.148,2520.772,1577.94,1476.994,9354.854
10-02-2017,312.858,115.11,2447.832,2542.222,5418.022
11-02-2017,196.016,1431.468,3296.63,1370.272,6294.386
12-02-2017,2795.492,2073.262,863.006,4219.422,9951.182
01-03-2017,,,,2070.272,2070.272
02-03-2017,512.368,290.781,119.178,,922.327
03-03-2017,307.84,,72.8,1619.464,2000.104
04-03-2017,7.056,25.472,,,32.528
05-03-2017,,504.506,,881.84,1386.346
06-03-2017,,508.788,1146.866,1296.382,2952.036
07-03-2017,1038.996,664.764,345.512,4914.132,6963.404
08-03-2017,223.188,16.52,,291.64,531.348
09-03-2017,260.72,697.525,24.448,613.156,1595.849
10-03-2017,1814.62,485.1,33.472,171.288,2504.48
11-03-2017,75.9,52.449,1463.172,2945.416,4536.937
12-03-2017,23.96,238.684,146.438,994.76,1403.842
02-04-2017,,32.67,,,32.67
03-04-2017,204.252,,,24.57,228.822
04-04-2017,383.84,424.63,,,808.47
05-04-2017,,13.911,629.86,745.634,1389.405
06-04-2017,45.346,,234.068,,279.414
08-04-2017,3.318,,,16.752,20.07
09-04-2017,920.326,175.524,107.552,4156.8,5360.202
10-04-2017,,19.98,,,19.98
11-04-2017,89.52,265.072,10313.504,,10668.096
12-04-2017,613.118,1365.76,649,11.76,2639.638
02-05-2017,251.112,,,2011.9,2263.012
03-05-2017,400.77,,839.25,,1240.02
05-05-2017,,6.68,34.5,143.943,185.123
06-05-2017,470.376,,20.736,,491.112
07-05-2017,476.354,,,,476.354
08-05-2017,489.916,,13.76,,503.676
09-05-2017,,,324.264,2.78,327.044
10-05-2017,,5745.864,,938.752,6684.616
11-05-2017,748.948,1186.786,,419.33,2355.064
12-05-2017,199.73,623.63,,629.776,1453.136
01-06-2017,,,33.74,,33.74
02-06-2017,,514.484,359.97,29.9,904.354
03-06-2017,68.416,98.35,,611.47,778.236
04-06-2017,106.32,,8.1,,114.42
05-06-2017,2014.3248,59.2,872.489,237.356,3183.3698
06-06-2017,,,,31.35,31.35
07-06-2017,,19.002,239.24,122.136,380.378
08-06-2017,115.296,1147.59,161.14,,1424.026
10-06-2017,309.488,873.08,,317.084,1499.652
11-06-2017,90.248,540.544,837.148,2820.81,4288.75
12-06-2017,,,,10.68,10.68
01-07-2017,3059.982,,2.808,332.8,3395.59
03-07-2017,,166.59,,,166.59
04-07-2017,,,1971.2905,,1971.2905
05-07-2017,2049.534,,,499.934,2549.468
07-07-2017,,1614.31,,5.94,1620.25
08-07-2017,301.568,116.48,79.992,2981.584,3479.624
09-07-2017,1913.248,584.628,81.568,1269.121,3848.565
10-07-2017,89.76,,1027.21,1632.24,2749.21
11-07-2017,38.16,1092.112,,1283.106,2413.378
12-07-2017,1909.094,127.984,455.02,424.416,2916.514
01-08-2017,,,,892.98,892.98
03-08-2017,,,668.54,174.56,843.1
04-08-2017,580.86,2633.51,2747.25,440.31,6401.93
05-08-2017,41.472,176.05,,3441.032,3658.554
06-08-2017,504.192,10.36,,1712.486,2227.038
07-08-2017,,514.74,,1465.524,1980.264
09-08-2017,1514.695,449.576,220.056,,2184.327
10-08-2017,,188.524,,419.832,608.356
11-08-2017,,384.1,,,384.1
12-08-2017,1816.36,1339.3,,4487.381,7643.041
01-09-2017,,274.491,,,274.491
02-09-2017,397.744,,,376.02,773.764
03-09-2017,,,,710.804,710.804
04-09-2017,478.24,864.28,284.19,,1626.71
05-09-2017,,,272.232,805.99,1078.222
06-09-2017,890.013,,49.12,,939.133
07-09-2017,822.674,847.46,,1.08,1671.214
09-09-2017,27.336,2578.003,1144.244,606.478,4356.061
10-09-2017,1040.297,410.276,10.816,35.2,1496.589
11-09-2017,,3110.31,691.144,950.038,4751.492
12-09-2017,1412.466,108.496,1827.51,2121.918,5470.39
02-10-2017,,23.12,,203.983,227.103
03-10-2017,933.408,145.708,61.876,111.96,1252.952
04-10-2017,106.104,632.686,16.739,,755.529
06-10-2017,132.52,62.562,1347.52,970.741,2513.343
07-10-2017,298.464,,60.75,,359.214
08-10-2017,1823.07,,,,1823.07
09-10-2017,1718.682,415.648,2.78,369.536,2506.646
10-10-2017,239.358,,,,239.358
11-10-2017,341.96,1362.056,11.52,2292.012,4007.548
12-10-2017,34.5,864.291,718.644,2256.124,3873.559
02-11-2017,,168.268,,1073.248,1241.516
03-11-2017,895.92,1077.788,,,1973.708
04-11-2017,11.364,43.888,22.744,241.81,319.806
05-11-2017,94.508,43.92,,311.041,449.469
06-11-2017,,,8.332,1572.562,1580.894
07-11-2017,30.32,132.6,,1565.972,1728.892
08-11-2017,205.296,25.92,477.51,,708.726
09-11-2017,555.09,,496.944,4511.972,5564.006
11-11-2017,335.48,45.848,1247.04,186.85,1815.218
12-11-2017,738.936,1211.218,873.811,,2823.965
01-12-2017,760.98,77.76,,9.78,848.52
03-12-2017,,69.93,40.41,242.94,353.28
04-12-2017,,69.66,,,69.66
05-12-2017,162.16,257.186,,551.038,970.384
06-12-2017,8.856,1018.468,561.228,91.416,1679.968
07-12-2017,,3.816,,,3.816
08-12-2017,,2017.32,20.736,1655.028,3693.084
09-12-2017,,316.75,,174.8,491.55
10-12-2017,1466.38,2941.584,7.968,1219.422,5635.354
11-12-2017,1035.52,637.118,26.72,1212.028,2911.386
Grand Total,501239.8908,678781.24,391721.905,725457.8245,2297200.86
